1506360666,dimon,$2y$10$5WPxUPPkULLtBwrZQTlBvuR2N0cholSVcNigJtZxap4vw1ZKyTno.
1506360925,vasya,$2y$10$NdhV4toKW9OmkSWe3fOL8uQ9g8FeVGKAZvJSZGbmG68Ub0QDnCdpG
1506361141,petya,$2y$10$6Ls1oYwhim1498KnenrAju2yOIIGz8Gd3TNuEy8O53GsMrv/tcfRm
1506372011,test123,$2y$10$D2Ftx7b9b47ZWpGPyCb5dO6BfmyicQ1NyqSHzF8ddA.bH0MMmPqbW
1506372136,pupkin,$2y$10$va2Dl8Vuv.t2JiRk.xzksuPeKsSo2KHmzFg2UGbnA8R6BwsNmj5fq
1506372435,efbhyu,$2y$10$MuvxVL5VCubqXe7KqxtG0.JRrj3jzXDGLJQYG72MLXcXBqka9XQN.
1506372501,rewrewrw,$2y$10$c3pXZZ3QPufWV7nTd13ZzOxjN560qjw/4j3X3hhja0v//zaj6mUsG
1506372590,rewrewrw,$2y$10$tskmvYX5yiYlz6UEVNbAh.578uIJObGQDV0mu7UVINwIaV1XtpAZ6
1506372636,rewrewrw1,$2y$10$RFvkBx.ILXmr8L5QeZ3O3.YzmtZ.0Bp/Nn2sWeuLyPJJxrH9TQsfe
1506373125,wsxcvb,$2y$10$GdtCD3KcQQyU1GKNN0ML4Ot/GXwvV.1SKb9Mb3EKs4GxY7ynXpBXm
1506373434,wdccdw,$2y$10$eMyWCj0uGkEHF5m/DXDHcOqr9OkeJVUgpwdP5BCq3WyRWrocyye9W
1506373509,qscvbnm,$2y$10$zAmO8jHTkDf0HY5ifj50NO4qrXp6.tFPSPI6IeUFRXFeN/5qaveX6
